{
	"info": {
		"_postman_id": "4d20defb-e561-431a-a7d5-69637ab61436",
		"name": "backend 32205",
		"schema": "https://schema.getpostman.com/json/collection/v2.1.0/collection.json",
		"_exporter_id": "22926232"
	},
	"item": [
		{
			"name": "ejercicio frases",
			"item": [
				{
					"name": "get frase",
					"protocolProfileBehavior": {
						"disableBodyPruning": true
					},
					"request": {
						"method": "GET",
						"header": [],
						"body": {
							"mode": "raw",
							"raw": "{\r\n    \"palabra\": \"hola\"\r\n}",
							"options": {
								"raw": {
									"language": "json"
								}
							}
						},
						"url": {
							"raw": "http://localhost:8080/api/frase",
							"protocol": "http",
							"host": [
								"localhost"
							],
							"port": "8080",
							"path": [
								"api",
								"frase"
							]
						}
					},
					"response": []
				},
				{
					"name": "get palabra",
					"request": {
						"method": "GET",
						"header": [],
						"url": {
							"raw": "http://localhost:8080/api/palabra/0",
							"protocol": "http",
							"host": [
								"localhost"
							],
							"port": "8080",
							"path": [
								"api",
								"palabra",
								"0"
							]
						}
					},
					"response": []
				},
				{
					"name": "add palabra",
					"request": {
						"method": "POST",
						"header": [],
						"body": {
							"mode": "raw",
							"raw": "{\r\n    \"palabra\": \"Nueva\"\r\n}",
							"options": {
								"raw": {
									"language": "json"
								}
							}
						},
						"url": {
							"raw": "http://localhost:8080/api/palabras",
							"protocol": "http",
							"host": [
								"localhost"
							],
							"port": "8080",
							"path": [
								"api",
								"palabras"
							]
						}
					},
					"response": []
				},
				{
					"name": "modify palabra",
					"request": {
						"method": "PUT",
						"header": [],
						"body": {
							"mode": "raw",
							"raw": "{\r\n    \"palabra\": \"modded\"\r\n}",
							"options": {
								"raw": {
									"language": "json"
								}
							}
						},
						"url": {
							"raw": "http://localhost:8080/api/palabras/1",
							"protocol": "http",
							"host": [
								"localhost"
							],
							"port": "8080",
							"path": [
								"api",
								"palabras",
								"1"
							]
						}
					},
					"response": []
				},
				{
					"name": "New Request",
					"request": {
						"method": "DELETE",
						"header": [],
						"url": {
							"raw": "http://localhost:8080/api/palabras/1",
							"protocol": "http",
							"host": [
								"localhost"
							],
							"port": "8080",
							"path": [
								"api",
								"palabras",
								"1"
							]
						}
					},
					"response": []
				}
			]
		},
		{
			"name": "after_02_12_servidores",
			"item": [
				{
					"name": "get all products",
					"request": {
						"method": "GET",
						"header": [],
						"url": {
							"raw": "http://localhost:8080/api/products",
							"protocol": "http",
							"host": [
								"localhost"
							],
							"port": "8080",
							"path": [
								"api",
								"products"
							]
						}
					},
					"response": []
				},
				{
					"name": "get all products by id",
					"request": {
						"method": "GET",
						"header": [],
						"url": {
							"raw": "http://localhost:8080/api/products/1",
							"protocol": "http",
							"host": [
								"localhost"
							],
							"port": "8080",
							"path": [
								"api",
								"products",
								"1"
							]
						}
					},
					"response": []
				},
				{
					"name": "save products",
					"request": {
						"method": "POST",
						"header": [],
						"body": {
							"mode": "raw",
							"raw": "{\n    \"title\": \"Segundo prod\",\n    \"description\": \"primer producto guardado\",\n    \"price\": 300,\n    \"code\":\"CCC123\"\n}",
							"options": {
								"raw": {
									"language": "json"
								}
							}
						},
						"url": {
							"raw": "http://localhost:8080/api/products",
							"protocol": "http",
							"host": [
								"localhost"
							],
							"port": "8080",
							"path": [
								"api",
								"products"
							]
						}
					},
					"response": []
				},
				{
					"name": "update product",
					"request": {
						"method": "PUT",
						"header": [],
						"body": {
							"mode": "raw",
							"raw": "{\n    \"title\": \"Primer Producto MODIFICADO\",\n    \"description\": \"primer producto guardado\",\n    \"price\": 300,\n    \"code\": \"CLS124\"\n}",
							"options": {
								"raw": {
									"language": "json"
								}
							}
						},
						"url": {
							"raw": "http://localhost:8080/api/products/124",
							"protocol": "http",
							"host": [
								"localhost"
							],
							"port": "8080",
							"path": [
								"api",
								"products",
								"124"
							]
						}
					},
					"response": []
				},
				{
					"name": "delete Product by id",
					"request": {
						"method": "DELETE",
						"header": [],
						"body": {
							"mode": "raw",
							"raw": "{\n    \"title\": \"Segundo prod MODIFICADO\",\n    \"description\": \"primer producto guardado\",\n    \"price\": 300,\n    \"code\": \"CLS124\"\n}",
							"options": {
								"raw": {
									"language": "json"
								}
							}
						},
						"url": {
							"raw": "http://localhost:8080/api/products/5",
							"protocol": "http",
							"host": [
								"localhost"
							],
							"port": "8080",
							"path": [
								"api",
								"products",
								"5"
							]
						}
					},
					"response": []
				}
			]
		}
	]
}